{
  "1  0 0": [
    0.2,
    0.2,
    0.2,
    0.2,
    0.2
  ],
  "1 c 0 0": [
    0.2,
    0.2,
    0.2,
    0.2,
    0.2
  ],
  "1 c 1 0": [
    0.2,
    0.2,
    0.2,
    0.2,
    0.2
  ],
  "1 c 2 0": [
    0.2,
    0.2,
    0.2,
    0.2,
    0.2
  ],
  "2 c 3 0": [
    0.2,
    0.2,
    0.2,
    0.2,
    0.2
  ],
  "2 b 3 0": [
    0.2,
    0.2,
    0.2,
    0.2,
    0.2
  ],
  "2 x 3 0": [
    0.2,
    0.2,
    0.2,
    0.2,
    0.2
  ],
  "2 a 3 2": [
    0.2,
    0.2,
    0.2,
    0.2,
    0.2
  ],
  "1 b 2 0": [
    0.2,
    0.2,
    0.2,
    0.2,
    0.2
  ],
  "1 x 2 0": [
    0.2,
    0.2,
    0.2,
    0.2,
    0.2
  ],
  "2 x 3 1": [
    0.2,
    0.2,
    0.2,
    0.2,
    0.2
  ],
  "1 a 2 2": [
    0.2,
    0.2,
    0.2,
    0.2,
    0.2
  ],
  "1 b 1 0": [
    0.19999999999999998,
    0.19999999999999998,
    0.19999999999999998,
    0.19999999999999998,
    0.19999999999999998
  ],
  "2 c 3 1": [
    0.2,
    0.2,
    0.2,
    0.2,
    0.2
  ],
  "2 b 3 1": [
    0.2,
    0.2,
    0.2,
    0.2,
    0.2
  ],
  "2 x 3 2": [
    0.2,
    0.2,
    0.2,
    0.2,
    0.2
  ],
  "1 x 1 0": [
    0.2,
    0.2,
    0.2,
    0.2,
    0.2
  ],
  "1 x 2 1": [
    0.2,
    0.2,
    0.2,
    0.2,
    0.2
  ],
  "2 c 3 2": [
    0.2,
    0.2,
    0.2,
    0.2,
    0.2
  ],
  "2 b 3 2": [
    0.2,
    0.2,
    0.2,
    0.2,
    0.2
  ],
  "1 a 1 2": [
    0.19999999999999998,
    0.19999999999999998,
    0.19999999999999998,
    0.19999999999999998,
    0.19999999999999998
  ],
  "1 b 0 0": [
    0.2,
    0.2,
    0.2,
    0.2,
    0.2
  ],
  "1 c 2 1": [
    0.2,
    0.2,
    0.2,
    0.2,
    0.2
  ],
  "1 b 2 1": [
    0.2,
    0.2,
    0.2,
    0.2,
    0.2
  ],
  "1 x 2 2": [
    0.2,
    0.2,
    0.2,
    0.2,
    0.2
  ],
  "1 x 0 0": [
    0.2,
    0.2,
    0.2,
    0.2,
    0.2
  ],
  "1 x 1 1": [
    0.2,
    0.2,
    0.2,
    0.2,
    0.2
  ],
  "1 c 2 2": [
    0.2,
    0.2,
    0.2,
    0.2,
    0.2
  ],
  "1 b 2 2": [
    0.2,
    0.2,
    0.2,
    0.2,
    0.2
  ],
  "1 a 0 2": [
    0.2,
    0.2,
    0.2,
    0.2,
    0.2
  ]
}